actual_K,N,status,events,TP,Precision,Recall,AP,binary_NDCG,relative_NDCG,selected_gR,total_gR,task,method,month,K
50,171,defined,7,1,0.02,0.14285714285714285,0.0404955827668963,0.05780921899607982,0.008059105008561893,0.11551827282334545,4.002576296464347,binary,volume,2024-09,50
50,170,defined,13,6,0.12,0.46153846153846156,0.108511801158502,0.24418749746267054,0.039743850546916454,1.1497309675658518,9.214610735045492,binary,volume,2024-10,50
50,163,defined,5,0,0.0,0.0,0.03319123000266486,0.0,0.0,0.0,1.7025350949988087,binary,volume,2024-11,50
50,162,defined,10,5,0.1,0.5,0.08114860471836446,0.23056962870200884,0.16649346519159708,1.17524672771971,2.565431908238415,binary,volume,2024-12,50
50,181,defined,23,7,0.14,0.30434782608695654,0.2187794671843237,0.2921337999182361,0.18436119602642217,3.1211513138302243,7.519339923670899,binary,volume,2025-01,50
50,178,defined,11,1,0.02,0.09090909090909091,0.05351828395400782,0.039804796081446554,0.00361066655750291,0.025659917042069193,2.2487777879502464,binary,volume,2025-02,50
50,173,defined,2,0,0.0,0.0,0.015931068683362262,0.0,0.0,0.0,0.25729341608288436,binary,volume,2025-03,50
50,208,no_events,0,0,0.0,,,,,0.0,0.0,binary,volume,2025-04,50
50,198,defined,1,1,0.02,1.0,0.045454545454545456,0.22106472945750374,0.22106472945750372,0.034688475102455374,0.034688475102455374,binary,volume,2025-05,50
50,228,defined,5,2,0.04,0.4,0.09598710317460317,0.22590968522337437,0.3315263572523466,0.6673205270006354,0.9782339033207572,binary,volume,2025-06,50
50,224,defined,7,1,0.02,0.14285714285714285,0.030456952467187295,0.05200670101006269,0.07065334087680208,0.43836620819696476,1.7544091144698541,binary,volume,2025-07,50
50,224,defined,9,2,0.04,0.2222222222222222,0.039469142086956274,0.09509384223908011,0.043838225256876244,0.4011592713888289,2.4547033175842943,binary,volume,2025-08,50
50,239,defined,8,2,0.04,0.25,0.04481341558915186,0.09975952098915755,0.10006134903329322,1.5687748017638052,4.020469905447682,binary,volume,2025-09,50
50,238,defined,13,2,0.04,0.15384615384615385,0.05260284723924576,0.07115123243808749,0.08825242815673205,1.0107173622398482,3.6487136235434563,binary,volume,2025-10,50
50,262,defined,11,3,0.06,0.2727272727272727,0.06219944370657849,0.13704425556934008,0.06752251696775531,0.39037180078471423,1.9823385564381448,binary,volume,2025-11,50
50,242,defined,3,1,0.02,0.3333333333333333,0.030674435737726876,0.11047239495909743,0.21227571916733215,0.2625610284209697,0.30983527973208014,binary,volume,2025-12,50
50,239,defined,3,0,0.0,0.0,0.016478115794121267,0.0,0.0,0.0,0.9035023087262364,binary,volume,2026-01,50
50,270,defined,9,2,0.04,0.2222222222222222,0.04509045075510429,0.11219227777408312,0.05069076024016554,1.2350417195465124,7.99199532703089,binary,volume,2026-02,50
50,253,defined,4,1,0.02,0.25,0.019842319027101638,0.07286537763060504,0.011185245188602685,0.02978050053888779,0.5901171146706333,binary,volume,2026-03,50
50,259,unknown,,,,,,,,,,binary,volume,2026-04,50
50,260,defined,9,2,0.04,0.2222222222222222,0.19907342040796974,0.33627415762678564,0.2720358390230865,0.49204181401443364,1.6754329353318262,binary,volume,2026-05,50
50,265,defined,10,2,0.04,0.2,0.06588760101425037,0.1388067176291668,0.04444207693988872,0.16838135534013013,2.1379681843207026,binary,volume,2026-06,50
50,286,defined,9,1,0.02,0.1111111111111111,0.02970918935336532,0.05000501304321378,0.0024487734475203853,0.08252102368800344,9.182694872139571,binary,volume,2026-07,50
50,295,defined,10,3,0.06,0.3,0.03784846142669038,0.12730080485089057,0.12356767764956764,1.3760065942473787,3.852212341359192,binary,volume,2026-08,50
50,171,defined,7,4,0.08,0.5714285714285714,0.4984249840286992,0.652990800222627,0.12472157614736382,0.7713067652837494,4.002576296464347,binary,strong_cs,2024-09,50
50,170,defined,13,1,0.02,0.07692307692307693,0.06752738264117729,0.05397642893687311,0.005414968253948907,0.1298091111365737,9.214610735045492,binary,strong_cs,2024-10,50
50,163,defined,5,3,0.06,0.6,0.10234267524590106,0.2691997159608521,0.1961836235997905,1.3715050897197523,1.7025350949988087,binary,strong_cs,2024-11,50
50,162,defined,10,5,0.1,0.5,0.16737143768591212,0.33018452946548354,0.2500692892883622,1.3198314720858113,2.565431908238415,binary,strong_cs,2024-12,50
50,181,defined,23,14,0.28,0.6086956521739131,0.3537937179462083,0.562786808477212,0.27235313741335054,4.961396869801071,7.519339923670899,binary,strong_cs,2025-01,50
50,178,defined,11,3,0.06,0.2727272727272727,0.16839179678817753,0.28007682702752357,0.26438156111580513,0.8663169995576865,2.2487777879502464,binary,strong_cs,2025-02,50
50,173,defined,2,1,0.02,0.5,0.026373626373626374,0.1289509357448472,0.061864271188210175,0.06827280112951914,0.25729341608288436,binary,strong_cs,2025-03,50
50,208,no_events,0,0,0.0,,,,,0.0,0.0,binary,strong_cs,2025-04,50
50,198,defined,1,1,0.02,1.0,0.02564102564102564,0.18790182470910757,0.18790182470910757,0.034688475102455374,0.034688475102455374,binary,strong_cs,2025-05,50
50,228,defined,5,2,0.04,0.4,0.04384704184704184,0.13963237445598142,0.05892349416349897,0.24108206644300859,0.9782339033207572,binary,strong_cs,2025-06,50
50,224,defined,7,3,0.06,0.42857142857142855,0.0657401129982286,0.1800728363177359,0.14635705632012044,0.8008673210335779,1.7544091144698541,binary,strong_cs,2025-07,50
50,224,defined,9,2,0.04,0.2222222222222222,0.19147481858230925,0.3187704634136789,0.05152080750395351,0.19583789632830279,2.4547033175842943,binary,strong_cs,2025-08,50
50,239,defined,8,3,0.06,0.375,0.0770839355581457,0.18357943815761174,0.12171469734360911,1.2152141669642076,4.020469905447682,binary,strong_cs,2025-09,50
50,238,defined,13,2,0.04,0.15384615384615385,0.14684744040063766,0.22556986582132807,0.12787615921245352,0.3032236200181753,3.6487136235434563,binary,strong_cs,2025-10,50
50,262,defined,11,1,0.02,0.09090909090909091,0.1337839767960877,0.2073612289146658,0.3097730828175668,0.38631846107235823,1.9823385564381448,binary,strong_cs,2025-11,50
50,242,defined,3,2,0.04,0.6666666666666666,0.10198412698412697,0.2748579723153261,0.2848581134205929,0.3005662643498551,0.30983527973208014,binary,strong_cs,2025-12,50
50,239,defined,3,1,0.02,0.3333333333333333,0.04195906432748538,0.12681701683239352,0.0523661947618942,0.1562696433310402,0.9035023087262364,binary,strong_cs,2026-01,50
50,270,defined,9,6,0.12,0.6666666666666666,0.1889924582587102,0.4204729101004547,0.28404823963989956,5.798273865183275,7.99199532703089,binary,strong_cs,2026-02,50
50,253,defined,4,3,0.06,0.75,0.12768115942028985,0.3528886070339927,0.1916113928225321,0.40447653624443614,0.5901171146706333,binary,strong_cs,2026-03,50
50,259,unknown,,,,,,,,,,binary,strong_cs,2026-04,50
50,260,defined,9,4,0.08,0.4444444444444444,0.18085372811458927,0.3361271940278833,0.3095549261303784,0.7662186522290003,1.6754329353318262,binary,strong_cs,2026-05,50
50,265,defined,10,4,0.08,0.4,0.10319004469989963,0.2556412415691586,0.15714441707637644,1.1128200977469416,2.1379681843207026,binary,strong_cs,2026-06,50
50,286,defined,9,2,0.04,0.2222222222222222,0.06347976349768064,0.13905673137852195,0.0047336767305914814,0.10144049156594273,9.182694872139571,binary,strong_cs,2026-07,50
50,295,defined,10,3,0.06,0.3,0.057148864633219776,0.1538993833866212,0.1804190077601076,1.7003048916757084,3.852212341359192,binary,strong_cs,2026-08,50
50,171,defined,7,4,0.08,0.5714285714285714,0.19202827087442473,0.3776331747648468,0.19680036566659673,2.361968871332826,4.002576296464347,binary,cs_momentum,2024-09,50
50,170,defined,13,4,0.08,0.3076923076923077,0.10412046893526947,0.192452335341248,0.07037055526168629,2.3013605212101558,9.214610735045492,binary,cs_momentum,2024-10,50
50,163,defined,5,3,0.06,0.6,0.06693137254901961,0.21489228486991702,0.050556904980456924,0.3462703252389939,1.7025350949988087,binary,cs_momentum,2024-11,50
50,162,defined,10,5,0.1,0.5,0.25544905450728994,0.4267686438120004,0.34511562047943173,1.5000860697410692,2.565431908238415,binary,cs_momentum,2024-12,50
50,181,defined,23,9,0.18,0.391304347826087,0.19869601774650156,0.3108134331160298,0.09350737592180976,1.4299322998592077,7.519339923670899,binary,cs_momentum,2025-01,50
50,178,defined,11,4,0.08,0.36363636363636365,0.14212666653637213,0.2781682271242606,0.16622760084554528,0.4463501486076802,2.2487777879502464,binary,cs_momentum,2025-02,50
50,173,defined,2,1,0.02,0.5,0.0297696653628857,0.11521147633589655,0.05527275916896767,0.06827280112951914,0.25729341608288436,binary,cs_momentum,2025-03,50
50,208,no_events,0,0,0.0,,,,,0.0,0.0,binary,cs_momentum,2025-04,50
50,198,defined,1,1,0.02,1.0,0.027777777777777776,0.19195872000656014,0.19195872000656014,0.034688475102455374,0.034688475102455374,binary,cs_momentum,2025-05,50
50,228,defined,5,0,0.0,0.0,0.022245917682882796,0.0,0.0,0.0,0.9782339033207572,binary,cs_momentum,2025-06,50
50,224,defined,7,2,0.04,0.2857142857142857,0.05672526649948227,0.12584033996149396,0.10613799225132034,0.5794448064568704,1.7544091144698541,binary,cs_momentum,2025-07,50
50,224,defined,9,3,0.06,0.3333333333333333,0.12096267278612823,0.24541317633117268,0.08077853536660877,0.5893889651810781,2.4547033175842943,binary,cs_momentum,2025-08,50
50,239,defined,8,2,0.04,0.25,0.051440348370889157,0.10707998805645984,0.021314490989102472,0.3014146215274214,4.020469905447682,binary,cs_momentum,2025-09,50
50,238,defined,13,4,0.08,0.3076923076923077,0.09660650203956003,0.19632873163339604,0.13776451815827226,1.3052892500578255,3.6487136235434563,binary,cs_momentum,2025-10,50
50,262,defined,11,2,0.04,0.18181818181818182,0.06502693586255973,0.12728782131566704,0.15753615156892609,0.5505668702712015,1.9823385564381448,binary,cs_momentum,2025-11,50
50,242,defined,3,2,0.04,0.6666666666666666,0.1494949494949495,0.3330093366687448,0.3077453978911462,0.3005662643498551,0.30983527973208014,binary,cs_momentum,2025-12,50
50,239,defined,3,2,0.04,0.6666666666666666,0.12889863547758285,0.2893079283427616,0.31981985109488414,0.824719993607943,0.9035023087262364,binary,cs_momentum,2026-01,50
50,270,defined,9,6,0.12,0.6666666666666666,0.23828535567666004,0.47172116646412954,0.4082150512357143,5.798273865183275,7.99199532703089,binary,cs_momentum,2026-02,50
50,253,defined,4,1,0.02,0.25,0.03624057647750458,0.08035849674662018,0.007096550812913213,0.0171325977057007,0.5901171146706333,binary,cs_momentum,2026-03,50
50,259,unknown,,,,,,,,,,binary,cs_momentum,2026-04,50
50,260,defined,9,5,0.1,0.5555555555555556,0.1569965725354117,0.3726662670561872,0.34843190767203747,1.12229519140077,1.6754329353318262,binary,cs_momentum,2026-05,50
50,265,defined,10,4,0.08,0.4,0.18137199903644532,0.3873620004133215,0.209205557989369,1.1128200977469416,2.1379681843207026,binary,cs_momentum,2026-06,50
50,286,defined,9,3,0.06,0.3333333333333333,0.0645695635323737,0.1688925694169306,0.024174001010454353,0.8599071382465305,9.182694872139571,binary,cs_momentum,2026-07,50
50,295,defined,10,3,0.06,0.3,0.08038434213849746,0.20239823231479953,0.2512876373916054,1.7003048916757084,3.852212341359192,binary,cs_momentum,2026-08,50
50,171,defined,7,5,0.1,0.7142857142857143,0.39324138000952985,0.5716978522743292,0.22697720657165013,2.551171641466724,4.002576296464347,binary,pv_u,2024-09,50
50,170,defined,13,2,0.04,0.15384615384615385,0.06447413627362174,0.07203247451257062,0.004723692469373085,0.16795667631162167,9.214610735045492,binary,pv_u,2024-10,50
50,163,defined,5,3,0.06,0.6,0.09324797143784486,0.26357806985992666,0.05595908685518534,0.3462703252389939,1.7025350949988087,binary,pv_u,2024-11,50
50,162,defined,10,6,0.12,0.6,0.20030575092547673,0.38968225520361877,0.37572782643946634,1.9237000682072307,2.565431908238415,binary,pv_u,2024-12,50
50,181,defined,23,10,0.2,0.43478260869565216,0.17783941977272574,0.29567835428112776,0.20313326104305096,3.7169657553915467,7.519339923670899,binary,pv_u,2025-01,50
50,178,defined,11,6,0.12,0.5454545454545454,0.19951787749145133,0.3987692375254854,0.25298927326915605,1.1975046277744534,2.2487777879502464,binary,pv_u,2025-02,50
50,173,defined,2,1,0.02,0.5,0.10833333333333334,0.23719771276929622,0.1137957126345963,0.06827280112951914,0.25729341608288436,binary,pv_u,2025-03,50
50,208,no_events,0,0,0.0,,,,,0.0,0.0,binary,pv_u,2025-04,50
50,198,defined,1,1,0.02,1.0,0.02702702702702703,0.1905514124267734,0.1905514124267734,0.034688475102455374,0.034688475102455374,binary,pv_u,2025-05,50
50,228,defined,5,3,0.06,0.6,0.05014636212024228,0.20441621950199867,0.08190845178613936,0.32754528053446663,0.9782339033207572,binary,pv_u,2025-06,50
50,224,defined,7,2,0.04,0.2857142857142857,0.06114896592432887,0.13676548284335877,0.13968792233808675,0.5794448064568704,1.7544091144698541,binary,pv_u,2025-07,50
50,224,defined,9,3,0.06,0.3333333333333333,0.0857459285990772,0.1742943741547456,0.05141634474982908,0.40206759450644236,2.4547033175842943,binary,pv_u,2025-08,50
50,239,defined,8,3,0.06,0.375,0.05369554110778023,0.1589495973356777,0.08846590398840183,1.2152141669642076,4.020469905447682,binary,pv_u,2025-09,50
50,238,defined,13,4,0.08,0.3076923076923077,0.0832850563782609,0.1602326345939313,0.17786854935936644,2.05214406155875,3.6487136235434563,binary,pv_u,2025-10,50
50,262,defined,11,3,0.06,0.2727272727272727,0.11263671720004555,0.23435958054738695,0.33225088128342933,1.161781208617741,1.9823385564381448,binary,pv_u,2025-11,50
50,242,defined,3,2,0.04,0.6666666666666666,0.09430633520449078,0.2771784726057331,0.3754376621613582,0.3005662643498551,0.30983527973208014,binary,pv_u,2025-12,50
50,239,defined,3,2,0.04,0.6666666666666666,0.03965997141352592,0.19600375241597107,0.05938857220691442,0.23505195844933358,0.9035023087262364,binary,pv_u,2026-01,50
50,270,defined,9,6,0.12,0.6666666666666666,0.15771632763502683,0.37173624192774485,0.21248352169877613,3.7946052750620947,7.99199532703089,binary,pv_u,2026-02,50
50,253,defined,4,2,0.04,0.5,0.05432132418639165,0.18779674305681118,0.1399111825102457,0.3746960357055483,0.5901171146706333,binary,pv_u,2026-03,50
50,259,unknown,,,,,,,,,,binary,pv_u,2026-04,50
50,260,defined,9,6,0.12,0.6666666666666666,0.2583019476968585,0.5356181761764552,0.5237091470850611,0.8447425968189274,1.6754329353318262,binary,pv_u,2026-05,50
50,265,defined,10,4,0.08,0.4,0.07395631657275423,0.20398371945351507,0.22762988797841976,1.1128200977469416,2.1379681843207026,binary,pv_u,2026-06,50
50,286,defined,9,4,0.08,0.4444444444444444,0.06598395343872508,0.2040407972816574,0.133380015288074,5.071826357182772,9.182694872139571,binary,pv_u,2026-07,50
50,295,defined,10,4,0.08,0.4,0.1231201007386156,0.26743184962247984,0.24462968012598255,1.799311572342048,3.852212341359192,binary,pv_u,2026-08,50
50,171,defined,7,5,0.1,0.7142857142857143,0.37963593783265914,0.5654103712291251,0.2288520061712187,2.551171641466724,4.002576296464347,binary,pv_t,2024-09,50
50,170,defined,13,2,0.04,0.15384615384615385,0.06447413627362174,0.07203247451257062,0.004723692469373085,0.16795667631162167,9.214610735045492,binary,pv_t,2024-10,50
50,163,defined,5,3,0.06,0.6,0.10071012321012321,0.2654380695483679,0.055334784393804765,0.3462703252389939,1.7025350949988087,binary,pv_t,2024-11,50
50,162,defined,10,5,0.1,0.5,0.16952578307469154,0.3214977876728762,0.35113243885444856,1.8858564446251538,2.565431908238415,binary,pv_t,2024-12,50
50,181,defined,23,9,0.18,0.391304347826087,0.17224567375972624,0.27347052061539323,0.1836798210718809,3.17714144004205,7.519339923670899,binary,pv_t,2025-01,50
50,178,defined,11,6,0.12,0.5454545454545454,0.1995855899058868,0.3983989893827236,0.24618978149177967,1.1975046277744534,2.2487777879502464,binary,pv_t,2025-02,50
50,173,defined,2,1,0.02,0.5,0.10833333333333334,0.23719771276929622,0.1137957126345963,0.06827280112951914,0.25729341608288436,binary,pv_t,2025-03,50
50,208,no_events,0,0,0.0,,,,,0.0,0.0,binary,pv_t,2025-04,50
50,198,defined,1,1,0.02,1.0,0.02702702702702703,0.1905514124267734,0.1905514124267734,0.034688475102455374,0.034688475102455374,binary,pv_t,2025-05,50
50,228,defined,5,3,0.06,0.6,0.05079995689148411,0.2059097295097504,0.08196108099743106,0.32754528053446663,0.9782339033207572,binary,pv_t,2025-06,50
50,224,defined,7,2,0.04,0.2857142857142857,0.061269795123143525,0.13676548284335877,0.13968792233808675,0.5794448064568704,1.7544091144698541,binary,pv_t,2025-07,50
50,224,defined,9,3,0.06,0.3333333333333333,0.08231698403740953,0.16916713785420004,0.0496493761986529,0.40206759450644236,2.4547033175842943,binary,pv_t,2025-08,50
50,239,defined,8,2,0.04,0.25,0.05443823252443475,0.12020378025367633,0.03541667360136923,0.4152212354568099,4.020469905447682,binary,pv_t,2025-09,50
50,238,defined,13,4,0.08,0.3076923076923077,0.07962647879129968,0.14898273108457374,0.1703820823810809,2.05214406155875,3.6487136235434563,binary,pv_t,2025-10,50
50,262,defined,11,3,0.06,0.2727272727272727,0.11699393472116962,0.23893020573629403,0.33788025085616635,1.161781208617741,1.9823385564381448,binary,pv_t,2025-11,50
50,242,defined,3,2,0.04,0.6666666666666666,0.08584774398727886,0.2658544252881574,0.34865387728868624,0.3005662643498551,0.30983527973208014,binary,pv_t,2025-12,50
50,239,defined,3,2,0.04,0.6666666666666666,0.04081437256792707,0.1974750485064673,0.05999611037136412,0.23505195844933358,0.9035023087262364,binary,pv_t,2026-01,50
50,270,defined,9,6,0.12,0.6666666666666666,0.16846792171995423,0.3851081992619764,0.22159662057215218,3.7946052750620947,7.99199532703089,binary,pv_t,2026-02,50
50,253,defined,4,2,0.04,0.5,0.059561880925896496,0.19509387826794297,0.14347211528247028,0.3746960357055483,0.5901171146706333,binary,pv_t,2026-03,50
50,259,unknown,,,,,,,,,,binary,pv_t,2026-04,50
50,260,defined,9,5,0.1,0.5555555555555556,0.2556180236714711,0.4950324240127749,0.4993146803293047,0.7244746046670404,1.6754329353318262,binary,pv_t,2026-05,50
50,265,defined,10,3,0.06,0.3,0.06868084249006767,0.16230007667834045,0.22245938629321713,1.0806458489661652,2.1379681843207026,binary,pv_t,2026-06,50
50,286,defined,9,4,0.08,0.4444444444444444,0.06755130291110249,0.20743365184565132,0.13354764560794424,5.071826357182772,9.182694872139571,binary,pv_t,2026-07,50
50,295,defined,10,4,0.08,0.4,0.12787465446250917,0.2715580721972499,0.24661489088294083,1.799311572342048,3.852212341359192,binary,pv_t,2026-08,50
50,171,defined,7,6,0.12,0.8571428571428571,0.6454081632653061,0.8235006711965814,0.25878749016855945,2.6666899142900693,4.002576296464347,binary,binary_log13,2024-09,50
50,170,defined,13,3,0.06,0.23076923076923078,0.06858041851186039,0.10757146003103353,0.009735260911709159,0.34709999615233283,9.214610735045492,binary,binary_log13,2024-10,50
50,163,defined,5,4,0.08,0.8,0.09593841933329723,0.31055468239132755,0.20233218537650396,1.5627011454228987,1.7025350949988087,binary,binary_log13,2024-11,50
50,162,defined,10,6,0.12,0.6,0.16205278877775592,0.34583995032237425,0.33111437664845583,1.9237000682072307,2.565431908238415,binary,binary_log13,2024-12,50
50,181,defined,23,7,0.14,0.30434782608695654,0.1625251484750449,0.2125120942569378,0.14770983342418564,3.122455880142515,7.519339923670899,binary,binary_log13,2025-01,50
50,178,defined,11,3,0.06,0.2727272727272727,0.15337558560857267,0.24295935905399105,0.2596754650468839,0.8663169995576865,2.2487777879502464,binary,binary_log13,2025-02,50
50,173,defined,2,1,0.02,0.5,0.04995579133510168,0.16104282508920814,0.07726036997472797,0.06827280112951914,0.25729341608288436,binary,binary_log13,2025-03,50
50,208,no_events,0,0,0.0,,,,,0.0,0.0,binary,binary_log13,2025-04,50
50,198,defined,1,1,0.02,1.0,0.027777777777777776,0.19195872000656014,0.19195872000656014,0.034688475102455374,0.034688475102455374,binary,binary_log13,2025-05,50
50,228,defined,5,1,0.02,0.2,0.03462794694432918,0.07132875491150918,0.002513525918090577,0.008725097412955398,0.9782339033207572,binary,binary_log13,2025-06,50
50,224,defined,7,3,0.06,0.42857142857142855,0.06749586389144192,0.19397511220508318,0.14766769569809088,0.8008673210335779,1.7544091144698541,binary,binary_log13,2025-07,50
50,224,defined,9,3,0.06,0.3333333333333333,0.12138063234986457,0.26409211420634326,0.05992160169391169,0.40206759450644236,2.4547033175842943,binary,binary_log13,2025-08,50
50,239,defined,8,3,0.06,0.375,0.057522937302349066,0.14675868549485088,0.10633125916702527,1.5717399115352133,4.020469905447682,binary,binary_log13,2025-09,50
50,238,defined,13,3,0.06,0.23076923076923078,0.12915442988171796,0.2125621768087039,0.08326502800503316,0.32091160022069126,3.6487136235434563,binary,binary_log13,2025-10,50
50,262,defined,11,3,0.06,0.2727272727272727,0.1466910034616846,0.2976564735397678,0.34988309469331114,0.5988774601380615,1.9823385564381448,binary,binary_log13,2025-11,50
50,242,defined,3,2,0.04,0.6666666666666666,0.1168437274575382,0.3044590507836131,0.41682263565444055,0.3005662643498551,0.30983527973208014,binary,binary_log13,2025-12,50
50,239,defined,3,2,0.04,0.6666666666666666,0.07326007326007326,0.24673492580488768,0.07157178107758261,0.23505195844933358,0.9035023087262364,binary,binary_log13,2026-01,50
50,270,defined,9,6,0.12,0.6666666666666666,0.1482887274463585,0.35705301838045495,0.2897344186944477,5.798273865183275,7.99199532703089,binary,binary_log13,2026-02,50
50,253,defined,4,3,0.06,0.75,0.07577558941920644,0.28059047930137865,0.16334124281038281,0.40447653624443614,0.5901171146706333,binary,binary_log13,2026-03,50
50,259,unknown,,,,,,,,,,binary,binary_log13,2026-04,50
50,260,defined,9,5,0.1,0.5555555555555556,0.28018337064534304,0.46419441389088983,0.36651136056774924,0.7806567848087164,1.6754329353318262,binary,binary_log13,2026-05,50
50,265,defined,10,4,0.08,0.4,0.07299339625147956,0.19275490895412525,0.15315203314215553,1.1128200977469416,2.1379681843207026,binary,binary_log13,2026-06,50
50,286,defined,9,3,0.06,0.3333333333333333,0.052838531039455634,0.15311516857076624,0.022216883985868435,0.8599071382465305,9.182694872139571,binary,binary_log13,2026-07,50
50,295,defined,10,3,0.06,0.3,0.06684432857347067,0.1679051145988957,0.1926928371286841,1.7003048916757084,3.852212341359192,binary,binary_log13,2026-08,50
50,171,defined,7,4,0.08,0.5714285714285714,0.06878598104088836,0.2313899730510905,0.05598870994234408,0.7713067652837494,4.002576296464347,binary,binary_hgb12,2024-09,50
50,170,defined,13,6,0.12,0.46153846153846156,0.09086569725744337,0.22499349561025878,0.03527645380931787,1.2320858271300184,9.214610735045492,binary,binary_hgb12,2024-10,50
50,163,defined,5,3,0.06,0.6,0.09682397220613781,0.26567980745937464,0.20811392022907485,1.3715050897197523,1.7025350949988087,binary,binary_hgb12,2024-11,50
50,162,defined,10,6,0.12,0.6,0.17317416674709502,0.3557429582801248,0.2696910189430063,1.3888243435727627,2.565431908238415,binary,binary_hgb12,2024-12,50
50,181,defined,23,11,0.22,0.4782608695652174,0.21015803292185672,0.3416329431733204,0.20616838445176644,4.1069939769305845,7.519339923670899,binary,binary_hgb12,2025-01,50
50,178,defined,11,3,0.06,0.2727272727272727,0.14653393887613642,0.2642512725178126,0.1883246004403054,0.8663169995576865,2.2487777879502464,binary,binary_hgb12,2025-02,50
50,173,defined,2,1,0.02,0.5,0.25704225352112675,0.38685280723454163,0.18559281356463053,0.06827280112951914,0.25729341608288436,binary,binary_hgb12,2025-03,50
50,208,no_events,0,0,0.0,,,,,0.0,0.0,binary,binary_hgb12,2025-04,50
50,198,defined,1,1,0.02,1.0,0.02564102564102564,0.18790182470910757,0.18790182470910757,0.034688475102455374,0.034688475102455374,binary,binary_hgb12,2025-05,50
50,228,defined,5,3,0.06,0.6,0.055844435062701314,0.2138108443937038,0.08642262115931468,0.32754528053446663,0.9782339033207572,binary,binary_hgb12,2025-06,50
50,224,defined,7,1,0.02,0.14285714285714285,0.04440525809156043,0.06591877139737895,0.08955348705579032,0.43836620819696476,1.7544091144698541,binary,binary_hgb12,2025-07,50
50,224,defined,9,4,0.08,0.4444444444444444,0.08829500921579753,0.23140178594677396,0.09749746276720435,0.7956186633592176,2.4547033175842943,binary,binary_hgb12,2025-08,50
50,239,defined,8,3,0.06,0.375,0.08545330915970895,0.2057777878229004,0.11303620694062574,1.2152141669642076,4.020469905447682,binary,binary_hgb12,2025-09,50
50,238,defined,13,3,0.06,0.23076923076923078,0.07014664784128047,0.11298876076771518,0.0909856368410969,1.0591146795214177,3.6487136235434563,binary,binary_hgb12,2025-10,50
50,262,defined,11,2,0.04,0.18181818181818182,0.08131199375644173,0.1429839697051777,0.15424477448911178,0.5505668702712015,1.9823385564381448,binary,binary_hgb12,2025-11,50
50,242,defined,3,2,0.04,0.6666666666666666,0.09945750452079566,0.27654189780563676,0.3339859708157088,0.3005662643498551,0.30983527973208014,binary,binary_hgb12,2025-12,50
50,239,defined,3,2,0.04,0.6666666666666666,0.057812499999999996,0.2183733547559629,0.06948128811417471,0.23505195844933358,0.9035023087262364,binary,binary_hgb12,2026-01,50
50,270,defined,9,5,0.1,0.5555555555555556,0.25604554415806685,0.48734201615570355,0.42414184008911066,5.528238632310881,7.99199532703089,binary,binary_hgb12,2026-02,50
50,253,defined,4,2,0.04,0.5,0.11506211180124223,0.27398788150683107,0.16246861370547827,0.3746960357055483,0.5901171146706333,binary,binary_hgb12,2026-03,50
50,259,unknown,,,,,,,,,,binary,binary_hgb12,2026-04,50
50,260,defined,9,5,0.1,0.5555555555555556,0.14974817889254727,0.3380526514325434,0.2859060812972966,0.7806567848087164,1.6754329353318262,binary,binary_hgb12,2026-05,50
50,265,defined,10,4,0.08,0.4,0.07121150189013611,0.19244243437899475,0.15097609607252055,1.1128200977469416,2.1379681843207026,binary,binary_hgb12,2026-06,50
50,286,defined,9,2,0.04,0.2222222222222222,0.17086781734681777,0.3133940658859805,0.012458330879451938,0.10144049156594273,9.182694872139571,binary,binary_hgb12,2026-07,50
50,295,defined,10,4,0.08,0.4,0.10948458396895448,0.26798861330472706,0.2634826665484503,1.799311572342048,3.852212341359192,binary,binary_hgb12,2026-08,50
50,171,defined,7,1,0.02,0.14285714285714285,0.0404955827668963,0.05780921899607982,0.008059105008561893,0.11551827282334545,4.002576296464347,relative,volume,2024-09,50
50,170,defined,13,6,0.12,0.46153846153846156,0.108511801158502,0.24418749746267054,0.039743850546916454,1.1497309675658518,9.214610735045492,relative,volume,2024-10,50
50,163,defined,5,0,0.0,0.0,0.03319123000266486,0.0,0.0,0.0,1.7025350949988087,relative,volume,2024-11,50
50,162,defined,10,5,0.1,0.5,0.08114860471836446,0.23056962870200884,0.16649346519159708,1.17524672771971,2.565431908238415,relative,volume,2024-12,50
50,181,defined,23,7,0.14,0.30434782608695654,0.2187794671843237,0.2921337999182361,0.18436119602642217,3.1211513138302243,7.519339923670899,relative,volume,2025-01,50
50,178,defined,11,1,0.02,0.09090909090909091,0.05351828395400782,0.039804796081446554,0.00361066655750291,0.025659917042069193,2.2487777879502464,relative,volume,2025-02,50
50,173,defined,2,0,0.0,0.0,0.015931068683362262,0.0,0.0,0.0,0.25729341608288436,relative,volume,2025-03,50
50,208,no_events,0,0,0.0,,,,,0.0,0.0,relative,volume,2025-04,50
50,198,defined,1,1,0.02,1.0,0.045454545454545456,0.22106472945750374,0.22106472945750372,0.034688475102455374,0.034688475102455374,relative,volume,2025-05,50
50,228,defined,5,2,0.04,0.4,0.09598710317460317,0.22590968522337437,0.3315263572523466,0.6673205270006354,0.9782339033207572,relative,volume,2025-06,50
50,224,defined,7,1,0.02,0.14285714285714285,0.030456952467187295,0.05200670101006269,0.07065334087680208,0.43836620819696476,1.7544091144698541,relative,volume,2025-07,50
50,224,defined,9,2,0.04,0.2222222222222222,0.039469142086956274,0.09509384223908011,0.043838225256876244,0.4011592713888289,2.4547033175842943,relative,volume,2025-08,50
50,239,defined,8,2,0.04,0.25,0.04481341558915186,0.09975952098915755,0.10006134903329322,1.5687748017638052,4.020469905447682,relative,volume,2025-09,50
50,238,defined,13,2,0.04,0.15384615384615385,0.05260284723924576,0.07115123243808749,0.08825242815673205,1.0107173622398482,3.6487136235434563,relative,volume,2025-10,50
50,262,defined,11,3,0.06,0.2727272727272727,0.06219944370657849,0.13704425556934008,0.06752251696775531,0.39037180078471423,1.9823385564381448,relative,volume,2025-11,50
50,242,defined,3,1,0.02,0.3333333333333333,0.030674435737726876,0.11047239495909743,0.21227571916733215,0.2625610284209697,0.30983527973208014,relative,volume,2025-12,50
50,239,defined,3,0,0.0,0.0,0.016478115794121267,0.0,0.0,0.0,0.9035023087262364,relative,volume,2026-01,50
50,270,defined,9,2,0.04,0.2222222222222222,0.04509045075510429,0.11219227777408312,0.05069076024016554,1.2350417195465124,7.99199532703089,relative,volume,2026-02,50
50,253,defined,4,1,0.02,0.25,0.019842319027101638,0.07286537763060504,0.011185245188602685,0.02978050053888779,0.5901171146706333,relative,volume,2026-03,50
50,259,unknown,,,,,,,,,,relative,volume,2026-04,50
50,260,defined,9,2,0.04,0.2222222222222222,0.19907342040796974,0.33627415762678564,0.2720358390230865,0.49204181401443364,1.6754329353318262,relative,volume,2026-05,50
50,265,defined,10,2,0.04,0.2,0.06588760101425037,0.1388067176291668,0.04444207693988872,0.16838135534013013,2.1379681843207026,relative,volume,2026-06,50
50,286,defined,9,1,0.02,0.1111111111111111,0.02970918935336532,0.05000501304321378,0.0024487734475203853,0.08252102368800344,9.182694872139571,relative,volume,2026-07,50
50,295,defined,10,3,0.06,0.3,0.03784846142669038,0.12730080485089057,0.12356767764956764,1.3760065942473787,3.852212341359192,relative,volume,2026-08,50
50,171,defined,7,5,0.1,0.7142857142857143,0.31359736498605606,0.4992319885394857,0.10849484022813233,0.8868250381070949,4.002576296464347,relative,relative_ridge12,2024-09,50
50,170,defined,13,6,0.12,0.46153846153846156,0.11015657058624712,0.24350821628031843,0.08474306584052883,3.0681207197776907,9.214610735045492,relative,relative_ridge12,2024-10,50
50,163,defined,5,2,0.04,0.4,0.05546353688827228,0.14243147408034648,0.03648693268871533,0.25053560711370976,1.7025350949988087,relative,relative_ridge12,2024-11,50
50,162,defined,10,3,0.06,0.3,0.093845797995879,0.1688794855028058,0.1934428366372679,1.0104301250415513,2.565431908238415,relative,relative_ridge12,2024-12,50
50,181,defined,23,4,0.08,0.17391304347826086,0.12315964029460799,0.13530095683548363,0.09430614599945807,1.8803997476050394,7.519339923670899,relative,relative_ridge12,2025-01,50
50,178,defined,11,4,0.08,0.36363636363636365,0.08799262301124822,0.18033757972422285,0.10795569402941972,0.6321669055851238,2.2487777879502464,relative,relative_ridge12,2025-02,50
50,173,defined,2,2,0.04,1.0,0.26666666666666666,0.48381288316677695,0.4922342231970522,0.25729341608288436,0.25729341608288436,relative,relative_ridge12,2025-03,50
50,208,no_events,0,0,0.0,,,,,0.0,0.0,relative,relative_ridge12,2025-04,50
50,198,defined,1,0,0.0,0.0,0.010309278350515464,0.0,0.0,0.0,0.034688475102455374,relative,relative_ridge12,2025-05,50
50,228,defined,5,2,0.04,0.4,0.03829112064406182,0.14703174223495843,0.1381079007210574,0.44368865538353763,0.9782339033207572,relative,relative_ridge12,2025-06,50
50,224,defined,7,0,0.0,0.0,0.030427329748609646,0.0,0.0,0.0,1.7544091144698541,relative,relative_ridge12,2025-07,50
50,224,defined,9,2,0.04,0.2222222222222222,0.049753226321939736,0.10323208980568223,0.025165858669210273,0.19583789632830279,2.4547033175842943,relative,relative_ridge12,2025-08,50
50,239,defined,8,2,0.04,0.25,0.040979379046583185,0.10367202806268229,0.013357369411463689,0.1828035115762845,4.020469905447682,relative,relative_ridge12,2025-09,50
50,238,defined,13,4,0.08,0.3076923076923077,0.09371530190072848,0.18894088643692689,0.05021876164398944,0.3442471156059192,3.6487136235434563,relative,relative_ridge12,2025-10,50
50,262,defined,11,3,0.06,0.2727272727272727,0.08629032741629192,0.18848047732829862,0.13735214723095493,0.5988774601380615,1.9823385564381448,relative,relative_ridge12,2025-11,50
50,242,defined,3,2,0.04,0.6666666666666666,0.0643646796813868,0.23325369445126273,0.27999960190368106,0.3005662643498551,0.30983527973208014,relative,relative_ridge12,2025-12,50
50,239,defined,3,1,0.02,0.3333333333333333,0.0542483660130719,0.13565197343244778,0.028239286395891575,0.07878231511829335,0.9035023087262364,relative,relative_ridge12,2026-01,50
50,270,defined,9,4,0.08,0.4444444444444444,0.1640486123751551,0.34094939012597564,0.2695005185506136,3.449409830148876,7.99199532703089,relative,relative_ridge12,2026-02,50
50,253,defined,4,1,0.02,0.25,0.030777311021382234,0.07438746990922938,0.011418894912102387,0.02978050053888779,0.5901171146706333,relative,relative_ridge12,2026-03,50
50,259,unknown,,,,,,,,,,relative,relative_ridge12,2026-04,50
50,260,defined,9,5,0.1,0.5555555555555556,0.26784971834365634,0.5115136676087798,0.5310271691326359,0.7806567848087164,1.6754329353318262,relative,relative_ridge12,2026-05,50
50,265,defined,10,5,0.1,0.5,0.07848493892460282,0.23953220817174314,0.21776411908982915,1.5966877484026991,2.1379681843207026,relative,relative_ridge12,2026-06,50
50,286,defined,9,4,0.08,0.4444444444444444,0.07388212797776245,0.23298474929008936,0.09292822707407987,2.8076661514385686,9.182694872139571,relative,relative_ridge12,2026-07,50
50,295,defined,10,2,0.04,0.2,0.05959234835290781,0.1136779660644379,0.13155347906142012,1.2833535584251035,3.852212341359192,relative,relative_ridge12,2026-08,50
50,171,defined,7,1,0.02,0.14285714285714285,0.04731276322762391,0.04895646267498391,0.024201684673109385,0.40963451473459134,4.002576296464347,relative,relative_hgb12,2024-09,50
50,170,defined,13,5,0.1,0.38461538461538464,0.1535947838004294,0.27369129898879313,0.0457809696608246,1.1022767159934448,9.214610735045492,relative,relative_hgb12,2024-10,50
50,163,defined,5,1,0.02,0.2,0.0373602252553527,0.08479005131840403,0.016268516632791594,0.09573471812528417,1.7025350949988087,relative,relative_hgb12,2024-11,50
50,162,defined,10,6,0.12,0.6,0.09580383742221296,0.26872725705388956,0.24036679731125393,1.9335469043626323,2.565431908238415,relative,relative_hgb12,2024-12,50
50,181,defined,23,4,0.08,0.17391304347826086,0.10941798742307488,0.09820011132751356,0.027495576872511113,0.6138035500832882,7.519339923670899,relative,relative_hgb12,2025-01,50
50,178,defined,11,3,0.06,0.2727272727272727,0.08074245534577289,0.15003139210579908,0.14499265506137268,0.8663169995576865,2.2487777879502464,relative,relative_hgb12,2025-02,50
50,173,defined,2,1,0.02,0.5,0.030539772727272728,0.13554521828632396,0.06502788129372195,0.06827280112951914,0.25729341608288436,relative,relative_hgb12,2025-03,50
50,208,no_events,0,0,0.0,,,,,0.0,0.0,relative,relative_hgb12,2025-04,50
50,198,defined,1,1,0.02,1.0,0.03333333333333333,0.20184908658209985,0.20184908658209985,0.034688475102455374,0.034688475102455374,relative,relative_hgb12,2025-05,50
50,228,defined,5,1,0.02,0.2,0.030591924138123838,0.0604056513497471,0.021093924504164523,0.08646321409145803,0.9782339033207572,relative,relative_hgb12,2025-06,50
50,224,defined,7,0,0.0,0.0,0.02592457817826267,0.0,0.0,0.0,1.7544091144698541,relative,relative_hgb12,2025-07,50
50,224,defined,9,2,0.04,0.2222222222222222,0.0576949227170612,0.10946430187823368,0.025397508543695397,0.19583789632830279,2.4547033175842943,relative,relative_hgb12,2025-08,50
50,239,defined,8,2,0.04,0.25,0.17111253592252582,0.3114681333658377,0.10842080199952621,0.4152212354568099,4.020469905447682,relative,relative_hgb12,2025-09,50
50,238,defined,13,2,0.04,0.15384615384615385,0.05225704886104683,0.0797162417777259,0.029586744907705693,0.30726578781919606,3.6487136235434563,relative,relative_hgb12,2025-10,50
50,262,defined,11,3,0.06,0.2727272727272727,0.07897119108174111,0.18440941165304586,0.16399247037343345,0.6003019756751268,1.9823385564381448,relative,relative_hgb12,2025-11,50
50,242,defined,3,2,0.04,0.6666666666666666,0.05346725454027384,0.2206727620369448,0.2697871684945485,0.3005662643498551,0.30983527973208014,relative,relative_hgb12,2025-12,50
50,239,defined,3,2,0.04,0.6666666666666666,0.06843434343434343,0.24276443768303752,0.0699322585633179,0.23505195844933358,0.9035023087262364,relative,relative_hgb12,2026-01,50
50,270,defined,9,4,0.08,0.4444444444444444,0.286144623267016,0.4926853058790962,0.35449655196647667,2.357106976460512,7.99199532703089,relative,relative_hgb12,2026-02,50
50,253,defined,4,2,0.04,0.5,0.09240344318722898,0.247685056942452,0.1614788200884524,0.3746960357055483,0.5901171146706333,relative,relative_hgb12,2026-03,50
50,259,unknown,,,,,,,,,,relative,relative_hgb12,2026-04,50
50,260,defined,9,4,0.08,0.4444444444444444,0.13926138089731116,0.2916601008747999,0.27920097183649123,0.7505213695382233,1.6754329353318262,relative,relative_hgb12,2026-05,50
50,265,defined,10,4,0.08,0.4,0.0650787478778672,0.1811269858348571,0.1400350279709231,1.1128200977469416,2.1379681843207026,relative,relative_hgb12,2026-06,50
50,286,defined,9,3,0.06,0.3333333333333333,0.1196086484972018,0.26808226409464675,0.12836362801533566,4.989305333494769,9.182694872139571,relative,relative_hgb12,2026-07,50
50,295,defined,10,4,0.08,0.4,0.11681899086861194,0.263981432518237,0.2907014538409574,1.799311572342048,3.852212341359192,relative,relative_hgb12,2026-08,50
50,171,defined,7,4,0.08,0.5714285714285714,0.4984249840286992,0.652990800222627,0.12472157614736382,0.7713067652837494,4.002576296464347,relative,strong_cs,2024-09,50
50,170,defined,13,1,0.02,0.07692307692307693,0.06752738264117729,0.05397642893687311,0.005414968253948907,0.1298091111365737,9.214610735045492,relative,strong_cs,2024-10,50
50,163,defined,5,3,0.06,0.6,0.10234267524590106,0.2691997159608521,0.1961836235997905,1.3715050897197523,1.7025350949988087,relative,strong_cs,2024-11,50
50,162,defined,10,5,0.1,0.5,0.16737143768591212,0.33018452946548354,0.2500692892883622,1.3198314720858113,2.565431908238415,relative,strong_cs,2024-12,50
50,181,defined,23,14,0.28,0.6086956521739131,0.3537937179462083,0.562786808477212,0.27235313741335054,4.961396869801071,7.519339923670899,relative,strong_cs,2025-01,50
50,178,defined,11,3,0.06,0.2727272727272727,0.16839179678817753,0.28007682702752357,0.26438156111580513,0.8663169995576865,2.2487777879502464,relative,strong_cs,2025-02,50
50,173,defined,2,1,0.02,0.5,0.026373626373626374,0.1289509357448472,0.061864271188210175,0.06827280112951914,0.25729341608288436,relative,strong_cs,2025-03,50
50,208,no_events,0,0,0.0,,,,,0.0,0.0,relative,strong_cs,2025-04,50
50,198,defined,1,1,0.02,1.0,0.02564102564102564,0.18790182470910757,0.18790182470910757,0.034688475102455374,0.034688475102455374,relative,strong_cs,2025-05,50
50,228,defined,5,2,0.04,0.4,0.04384704184704184,0.13963237445598142,0.05892349416349897,0.24108206644300859,0.9782339033207572,relative,strong_cs,2025-06,50
50,224,defined,7,3,0.06,0.42857142857142855,0.0657401129982286,0.1800728363177359,0.14635705632012044,0.8008673210335779,1.7544091144698541,relative,strong_cs,2025-07,50
50,224,defined,9,2,0.04,0.2222222222222222,0.19147481858230925,0.3187704634136789,0.05152080750395351,0.19583789632830279,2.4547033175842943,relative,strong_cs,2025-08,50
50,239,defined,8,3,0.06,0.375,0.0770839355581457,0.18357943815761174,0.12171469734360911,1.2152141669642076,4.020469905447682,relative,strong_cs,2025-09,50
50,238,defined,13,2,0.04,0.15384615384615385,0.14684744040063766,0.22556986582132807,0.12787615921245352,0.3032236200181753,3.6487136235434563,relative,strong_cs,2025-10,50
50,262,defined,11,1,0.02,0.09090909090909091,0.1337839767960877,0.2073612289146658,0.3097730828175668,0.38631846107235823,1.9823385564381448,relative,strong_cs,2025-11,50
50,242,defined,3,2,0.04,0.6666666666666666,0.10198412698412697,0.2748579723153261,0.2848581134205929,0.3005662643498551,0.30983527973208014,relative,strong_cs,2025-12,50
50,239,defined,3,1,0.02,0.3333333333333333,0.04195906432748538,0.12681701683239352,0.0523661947618942,0.1562696433310402,0.9035023087262364,relative,strong_cs,2026-01,50
50,270,defined,9,6,0.12,0.6666666666666666,0.1889924582587102,0.4204729101004547,0.28404823963989956,5.798273865183275,7.99199532703089,relative,strong_cs,2026-02,50
50,253,defined,4,3,0.06,0.75,0.12768115942028985,0.3528886070339927,0.1916113928225321,0.40447653624443614,0.5901171146706333,relative,strong_cs,2026-03,50
50,259,unknown,,,,,,,,,,relative,strong_cs,2026-04,50
50,260,defined,9,4,0.08,0.4444444444444444,0.18085372811458927,0.3361271940278833,0.3095549261303784,0.7662186522290003,1.6754329353318262,relative,strong_cs,2026-05,50
50,265,defined,10,4,0.08,0.4,0.10319004469989963,0.2556412415691586,0.15714441707637644,1.1128200977469416,2.1379681843207026,relative,strong_cs,2026-06,50
50,286,defined,9,2,0.04,0.2222222222222222,0.06347976349768064,0.13905673137852195,0.0047336767305914814,0.10144049156594273,9.182694872139571,relative,strong_cs,2026-07,50
50,295,defined,10,3,0.06,0.3,0.057148864633219776,0.1538993833866212,0.1804190077601076,1.7003048916757084,3.852212341359192,relative,strong_cs,2026-08,50
50,171,defined,7,4,0.08,0.5714285714285714,0.19199346405228757,0.3776331747648468,0.19680036566659673,2.361968871332826,4.002576296464347,relative,cs_momentum_clipped,2024-09,50
50,170,defined,13,4,0.08,0.3076923076923077,0.10559975887609788,0.19386934127883543,0.07056673713561325,2.3013605212101558,9.214610735045492,relative,cs_momentum_clipped,2024-10,50
50,163,defined,5,3,0.06,0.6,0.06693137254901961,0.21489228486991702,0.050556904980456924,0.3462703252389939,1.7025350949988087,relative,cs_momentum_clipped,2024-11,50
50,162,defined,10,5,0.1,0.5,0.25544905450728994,0.4267686438120004,0.34511562047943173,1.5000860697410692,2.565431908238415,relative,cs_momentum_clipped,2024-12,50
50,181,defined,23,9,0.18,0.391304347826087,0.19869601774650156,0.3108134331160298,0.09350737592180976,1.4299322998592077,7.519339923670899,relative,cs_momentum_clipped,2025-01,50
50,178,defined,11,4,0.08,0.36363636363636365,0.19191021631992192,0.35944223740825554,0.25279632268013946,0.4463501486076802,2.2487777879502464,relative,cs_momentum_clipped,2025-02,50
50,173,defined,2,1,0.02,0.5,0.0297696653628857,0.11521147633589655,0.05527275916896767,0.06827280112951914,0.25729341608288436,relative,cs_momentum_clipped,2025-03,50
50,208,no_events,0,0,0.0,,,,,0.0,0.0,relative,cs_momentum_clipped,2025-04,50
50,198,defined,1,1,0.02,1.0,0.027777777777777776,0.19195872000656014,0.19195872000656014,0.034688475102455374,0.034688475102455374,relative,cs_momentum_clipped,2025-05,50
50,228,defined,5,0,0.0,0.0,0.022285075783714907,0.0,0.0,0.0,0.9782339033207572,relative,cs_momentum_clipped,2025-06,50
50,224,defined,7,2,0.04,0.2857142857142857,0.0575101958558402,0.12767967775445413,0.10694218278820566,0.5794448064568704,1.7544091144698541,relative,cs_momentum_clipped,2025-07,50
50,224,defined,9,3,0.06,0.3333333333333333,0.12096267278612823,0.24541317633117268,0.08077853536660877,0.5893889651810781,2.4547033175842943,relative,cs_momentum_clipped,2025-08,50
50,239,defined,8,2,0.04,0.25,0.051460014054271655,0.10707998805645984,0.021314490989102472,0.3014146215274214,4.020469905447682,relative,cs_momentum_clipped,2025-09,50
50,238,defined,13,4,0.08,0.3076923076923077,0.09660650203956003,0.19632873163339604,0.13776451815827226,1.3052892500578255,3.6487136235434563,relative,cs_momentum_clipped,2025-10,50
50,262,defined,11,2,0.04,0.18181818181818182,0.06502693586255973,0.12728782131566704,0.15753615156892609,0.5505668702712015,1.9823385564381448,relative,cs_momentum_clipped,2025-11,50
50,242,defined,3,2,0.04,0.6666666666666666,0.1494949494949495,0.3330093366687448,0.3077453978911462,0.3005662643498551,0.30983527973208014,relative,cs_momentum_clipped,2025-12,50
50,239,defined,3,2,0.04,0.6666666666666666,0.14428571428571427,0.3044671974905181,0.33742806534883624,0.824719993607943,0.9035023087262364,relative,cs_momentum_clipped,2026-01,50
50,270,defined,9,6,0.12,0.6666666666666666,0.23828535567666004,0.47172116646412954,0.4082150512357143,5.798273865183275,7.99199532703089,relative,cs_momentum_clipped,2026-02,50
50,253,defined,4,1,0.02,0.25,0.03657126430819241,0.08120474904004268,0.007171284321427603,0.0171325977057007,0.5901171146706333,relative,cs_momentum_clipped,2026-03,50
50,259,unknown,,,,,,,,,,relative,cs_momentum_clipped,2026-04,50
50,260,defined,9,5,0.1,0.5555555555555556,0.21255212809096724,0.4594145859005235,0.41419926813429,1.12229519140077,1.6754329353318262,relative,cs_momentum_clipped,2026-05,50
50,265,defined,10,4,0.08,0.4,0.18803866570311198,0.39410684907626714,0.20987307279602116,1.1128200977469416,2.1379681843207026,relative,cs_momentum_clipped,2026-06,50
50,286,defined,9,3,0.06,0.3333333333333333,0.06454212831378359,0.1688925694169306,0.024174001010454353,0.8599071382465305,9.182694872139571,relative,cs_momentum_clipped,2026-07,50
50,295,defined,10,3,0.06,0.3,0.08058889421717474,0.20239823231479953,0.2512876373916054,1.7003048916757084,3.852212341359192,relative,cs_momentum_clipped,2026-08,50
50,171,defined,7,4,0.08,0.5714285714285714,0.19202827087442473,0.3776331747648468,0.19680036566659673,2.361968871332826,4.002576296464347,relative,cs_momentum,2024-09,50
50,170,defined,13,4,0.08,0.3076923076923077,0.10412046893526947,0.192452335341248,0.07037055526168629,2.3013605212101558,9.214610735045492,relative,cs_momentum,2024-10,50
50,163,defined,5,3,0.06,0.6,0.06693137254901961,0.21489228486991702,0.050556904980456924,0.3462703252389939,1.7025350949988087,relative,cs_momentum,2024-11,50
50,162,defined,10,5,0.1,0.5,0.25544905450728994,0.4267686438120004,0.34511562047943173,1.5000860697410692,2.565431908238415,relative,cs_momentum,2024-12,50
50,181,defined,23,9,0.18,0.391304347826087,0.19869601774650156,0.3108134331160298,0.09350737592180976,1.4299322998592077,7.519339923670899,relative,cs_momentum,2025-01,50
50,178,defined,11,4,0.08,0.36363636363636365,0.14212666653637213,0.2781682271242606,0.16622760084554528,0.4463501486076802,2.2487777879502464,relative,cs_momentum,2025-02,50
50,173,defined,2,1,0.02,0.5,0.0297696653628857,0.11521147633589655,0.05527275916896767,0.06827280112951914,0.25729341608288436,relative,cs_momentum,2025-03,50
50,208,no_events,0,0,0.0,,,,,0.0,0.0,relative,cs_momentum,2025-04,50
50,198,defined,1,1,0.02,1.0,0.027777777777777776,0.19195872000656014,0.19195872000656014,0.034688475102455374,0.034688475102455374,relative,cs_momentum,2025-05,50
50,228,defined,5,0,0.0,0.0,0.022245917682882796,0.0,0.0,0.0,0.9782339033207572,relative,cs_momentum,2025-06,50
50,224,defined,7,2,0.04,0.2857142857142857,0.05672526649948227,0.12584033996149396,0.10613799225132034,0.5794448064568704,1.7544091144698541,relative,cs_momentum,2025-07,50
50,224,defined,9,3,0.06,0.3333333333333333,0.12096267278612823,0.24541317633117268,0.08077853536660877,0.5893889651810781,2.4547033175842943,relative,cs_momentum,2025-08,50
50,239,defined,8,2,0.04,0.25,0.051440348370889157,0.10707998805645984,0.021314490989102472,0.3014146215274214,4.020469905447682,relative,cs_momentum,2025-09,50
50,238,defined,13,4,0.08,0.3076923076923077,0.09660650203956003,0.19632873163339604,0.13776451815827226,1.3052892500578255,3.6487136235434563,relative,cs_momentum,2025-10,50
50,262,defined,11,2,0.04,0.18181818181818182,0.06502693586255973,0.12728782131566704,0.15753615156892609,0.5505668702712015,1.9823385564381448,relative,cs_momentum,2025-11,50
50,242,defined,3,2,0.04,0.6666666666666666,0.1494949494949495,0.3330093366687448,0.3077453978911462,0.3005662643498551,0.30983527973208014,relative,cs_momentum,2025-12,50
50,239,defined,3,2,0.04,0.6666666666666666,0.12889863547758285,0.2893079283427616,0.31981985109488414,0.824719993607943,0.9035023087262364,relative,cs_momentum,2026-01,50
50,270,defined,9,6,0.12,0.6666666666666666,0.23828535567666004,0.47172116646412954,0.4082150512357143,5.798273865183275,7.99199532703089,relative,cs_momentum,2026-02,50
50,253,defined,4,1,0.02,0.25,0.03624057647750458,0.08035849674662018,0.007096550812913213,0.0171325977057007,0.5901171146706333,relative,cs_momentum,2026-03,50
50,259,unknown,,,,,,,,,,relative,cs_momentum,2026-04,50
50,260,defined,9,5,0.1,0.5555555555555556,0.1569965725354117,0.3726662670561872,0.34843190767203747,1.12229519140077,1.6754329353318262,relative,cs_momentum,2026-05,50
50,265,defined,10,4,0.08,0.4,0.18137199903644532,0.3873620004133215,0.209205557989369,1.1128200977469416,2.1379681843207026,relative,cs_momentum,2026-06,50
50,286,defined,9,3,0.06,0.3333333333333333,0.0645695635323737,0.1688925694169306,0.024174001010454353,0.8599071382465305,9.182694872139571,relative,cs_momentum,2026-07,50
50,295,defined,10,3,0.06,0.3,0.08038434213849746,0.20239823231479953,0.2512876373916054,1.7003048916757084,3.852212341359192,relative,cs_momentum,2026-08,50
50,171,defined,7,5,0.1,0.7142857142857143,0.37963593783265914,0.5654103712291251,0.2288520061712187,2.551171641466724,4.002576296464347,relative,pv_t,2024-09,50
50,170,defined,13,2,0.04,0.15384615384615385,0.06447413627362174,0.07203247451257062,0.004723692469373085,0.16795667631162167,9.214610735045492,relative,pv_t,2024-10,50
50,163,defined,5,3,0.06,0.6,0.10071012321012321,0.2654380695483679,0.055334784393804765,0.3462703252389939,1.7025350949988087,relative,pv_t,2024-11,50
50,162,defined,10,5,0.1,0.5,0.16952578307469154,0.3214977876728762,0.35113243885444856,1.8858564446251538,2.565431908238415,relative,pv_t,2024-12,50
50,181,defined,23,9,0.18,0.391304347826087,0.17224567375972624,0.27347052061539323,0.1836798210718809,3.17714144004205,7.519339923670899,relative,pv_t,2025-01,50
50,178,defined,11,6,0.12,0.5454545454545454,0.1995855899058868,0.3983989893827236,0.24618978149177967,1.1975046277744534,2.2487777879502464,relative,pv_t,2025-02,50
50,173,defined,2,1,0.02,0.5,0.10833333333333334,0.23719771276929622,0.1137957126345963,0.06827280112951914,0.25729341608288436,relative,pv_t,2025-03,50
50,208,no_events,0,0,0.0,,,,,0.0,0.0,relative,pv_t,2025-04,50
50,198,defined,1,1,0.02,1.0,0.02702702702702703,0.1905514124267734,0.1905514124267734,0.034688475102455374,0.034688475102455374,relative,pv_t,2025-05,50
50,228,defined,5,3,0.06,0.6,0.05079995689148411,0.2059097295097504,0.08196108099743106,0.32754528053446663,0.9782339033207572,relative,pv_t,2025-06,50
50,224,defined,7,2,0.04,0.2857142857142857,0.061269795123143525,0.13676548284335877,0.13968792233808675,0.5794448064568704,1.7544091144698541,relative,pv_t,2025-07,50
50,224,defined,9,3,0.06,0.3333333333333333,0.08231698403740953,0.16916713785420004,0.0496493761986529,0.40206759450644236,2.4547033175842943,relative,pv_t,2025-08,50
50,239,defined,8,2,0.04,0.25,0.05443823252443475,0.12020378025367633,0.03541667360136923,0.4152212354568099,4.020469905447682,relative,pv_t,2025-09,50
50,238,defined,13,4,0.08,0.3076923076923077,0.07962647879129968,0.14898273108457374,0.1703820823810809,2.05214406155875,3.6487136235434563,relative,pv_t,2025-10,50
50,262,defined,11,3,0.06,0.2727272727272727,0.11699393472116962,0.23893020573629403,0.33788025085616635,1.161781208617741,1.9823385564381448,relative,pv_t,2025-11,50
50,242,defined,3,2,0.04,0.6666666666666666,0.08584774398727886,0.2658544252881574,0.34865387728868624,0.3005662643498551,0.30983527973208014,relative,pv_t,2025-12,50
50,239,defined,3,2,0.04,0.6666666666666666,0.04081437256792707,0.1974750485064673,0.05999611037136412,0.23505195844933358,0.9035023087262364,relative,pv_t,2026-01,50
50,270,defined,9,6,0.12,0.6666666666666666,0.16846792171995423,0.3851081992619764,0.22159662057215218,3.7946052750620947,7.99199532703089,relative,pv_t,2026-02,50
50,253,defined,4,2,0.04,0.5,0.059561880925896496,0.19509387826794297,0.14347211528247028,0.3746960357055483,0.5901171146706333,relative,pv_t,2026-03,50
50,259,unknown,,,,,,,,,,relative,pv_t,2026-04,50
50,260,defined,9,5,0.1,0.5555555555555556,0.2556180236714711,0.4950324240127749,0.4993146803293047,0.7244746046670404,1.6754329353318262,relative,pv_t,2026-05,50
50,265,defined,10,3,0.06,0.3,0.06868084249006767,0.16230007667834045,0.22245938629321713,1.0806458489661652,2.1379681843207026,relative,pv_t,2026-06,50
50,286,defined,9,4,0.08,0.4444444444444444,0.06755130291110249,0.20743365184565132,0.13354764560794424,5.071826357182772,9.182694872139571,relative,pv_t,2026-07,50
50,295,defined,10,4,0.08,0.4,0.12787465446250917,0.2715580721972499,0.24661489088294083,1.799311572342048,3.852212341359192,relative,pv_t,2026-08,50
50,171,defined,7,5,0.1,0.7142857142857143,0.39324138000952985,0.5716978522743292,0.22697720657165013,2.551171641466724,4.002576296464347,relative,pv_u,2024-09,50
50,170,defined,13,2,0.04,0.15384615384615385,0.06447413627362174,0.07203247451257062,0.004723692469373085,0.16795667631162167,9.214610735045492,relative,pv_u,2024-10,50
50,163,defined,5,3,0.06,0.6,0.09324797143784486,0.26357806985992666,0.05595908685518534,0.3462703252389939,1.7025350949988087,relative,pv_u,2024-11,50
50,162,defined,10,6,0.12,0.6,0.20030575092547673,0.38968225520361877,0.37572782643946634,1.9237000682072307,2.565431908238415,relative,pv_u,2024-12,50
50,181,defined,23,10,0.2,0.43478260869565216,0.17783941977272574,0.29567835428112776,0.20313326104305096,3.7169657553915467,7.519339923670899,relative,pv_u,2025-01,50
50,178,defined,11,6,0.12,0.5454545454545454,0.19951787749145133,0.3987692375254854,0.25298927326915605,1.1975046277744534,2.2487777879502464,relative,pv_u,2025-02,50
50,173,defined,2,1,0.02,0.5,0.10833333333333334,0.23719771276929622,0.1137957126345963,0.06827280112951914,0.25729341608288436,relative,pv_u,2025-03,50
50,208,no_events,0,0,0.0,,,,,0.0,0.0,relative,pv_u,2025-04,50
50,198,defined,1,1,0.02,1.0,0.02702702702702703,0.1905514124267734,0.1905514124267734,0.034688475102455374,0.034688475102455374,relative,pv_u,2025-05,50
50,228,defined,5,3,0.06,0.6,0.05014636212024228,0.20441621950199867,0.08190845178613936,0.32754528053446663,0.9782339033207572,relative,pv_u,2025-06,50
50,224,defined,7,2,0.04,0.2857142857142857,0.06114896592432887,0.13676548284335877,0.13968792233808675,0.5794448064568704,1.7544091144698541,relative,pv_u,2025-07,50
50,224,defined,9,3,0.06,0.3333333333333333,0.0857459285990772,0.1742943741547456,0.05141634474982908,0.40206759450644236,2.4547033175842943,relative,pv_u,2025-08,50
50,239,defined,8,3,0.06,0.375,0.05369554110778023,0.1589495973356777,0.08846590398840183,1.2152141669642076,4.020469905447682,relative,pv_u,2025-09,50
50,238,defined,13,4,0.08,0.3076923076923077,0.0832850563782609,0.1602326345939313,0.17786854935936644,2.05214406155875,3.6487136235434563,relative,pv_u,2025-10,50
50,262,defined,11,3,0.06,0.2727272727272727,0.11263671720004555,0.23435958054738695,0.33225088128342933,1.161781208617741,1.9823385564381448,relative,pv_u,2025-11,50
50,242,defined,3,2,0.04,0.6666666666666666,0.09430633520449078,0.2771784726057331,0.3754376621613582,0.3005662643498551,0.30983527973208014,relative,pv_u,2025-12,50
50,239,defined,3,2,0.04,0.6666666666666666,0.03965997141352592,0.19600375241597107,0.05938857220691442,0.23505195844933358,0.9035023087262364,relative,pv_u,2026-01,50
50,270,defined,9,6,0.12,0.6666666666666666,0.15771632763502683,0.37173624192774485,0.21248352169877613,3.7946052750620947,7.99199532703089,relative,pv_u,2026-02,50
50,253,defined,4,2,0.04,0.5,0.05432132418639165,0.18779674305681118,0.1399111825102457,0.3746960357055483,0.5901171146706333,relative,pv_u,2026-03,50
50,259,unknown,,,,,,,,,,relative,pv_u,2026-04,50
50,260,defined,9,6,0.12,0.6666666666666666,0.2583019476968585,0.5356181761764552,0.5237091470850611,0.8447425968189274,1.6754329353318262,relative,pv_u,2026-05,50
50,265,defined,10,4,0.08,0.4,0.07395631657275423,0.20398371945351507,0.22762988797841976,1.1128200977469416,2.1379681843207026,relative,pv_u,2026-06,50
50,286,defined,9,4,0.08,0.4444444444444444,0.06598395343872508,0.2040407972816574,0.133380015288074,5.071826357182772,9.182694872139571,relative,pv_u,2026-07,50
50,295,defined,10,4,0.08,0.4,0.1231201007386156,0.26743184962247984,0.24462968012598255,1.799311572342048,3.852212341359192,relative,pv_u,2026-08,50
