task,method,K,months,complete_months,event_months,events,TP,selected,macro_binary_NDCG,macro_relative_NDCG,macro_AP,macro_Precision,macro_Recall,pooled_gR_capture,micro_Precision,micro_Recall
binary,volume,50,24,23,22,182,45,1150,0.12338416598185865,0.0928106055449306,0.06214379462285089,0.0391304347826087,0.25364519099696964,0.1991230151830071,0.0391304347826087,0.24725274725274726
binary,strong_cs,50,24,23,22,182,70,1150,0.2627643242849945,0.16562688715543245,0.13336059920314455,0.06086956521739131,0.43562076373341196,0.3332862231531089,0.06086956521739131,0.38461538461538464
binary,cs_momentum,50,24,23,22,182,70,1150,0.2370711068223838,0.16133261571651858,0.11209767872274856,0.06086956521739131,0.4287049358195603,0.341181764842949,0.06086956521739131,0.38461538461538464
binary,pv_u,50,24,23,22,182,82,1150,0.2605452277441179,0.19145569064860618,0.11718235202214246,0.07130434782608695,0.5060885151300171,0.42415249415260387,0.07130434782608695,0.45054945054945056
binary,pv_t,50,24,23,22,182,77,1150,0.2510823718862518,0.18476783465976102,0.11551816951100988,0.06695652173913043,0.48428899822180455,0.4019860434079956,0.06695652173913043,0.4230769230769231
binary,binary_log13,50,24,23,22,182,75,1150,0.26132364362724014,0.17746359544519816,0.12770521140950133,0.06521739130434782,0.48837624277347597,0.36923010884679647,0.06521739130434782,0.41208791208791207
binary,binary_hgb12,50,24,23,22,182,77,1150,0.2545204507861664,0.16689540013022222,0.1147350665417164,0.06695652173913043,0.473886856446145,0.35433801291796824,0.06695652173913043,0.4230769230769231
relative,volume,50,24,23,22,182,45,1150,0.12338416598185865,0.0928106055449306,0.06214379462285089,0.0391304347826087,0.25364519099696964,0.1991230151830071,0.0391304347826087,0.24725274725274726
relative,relative_ridge12,50,24,23,22,182,63,1150,0.20303686032054336,0.13837713965534107,0.09972255757034695,0.05478260869565218,0.3754754468193203,0.2908698518471875,0.05478260869565217,0.34615384615384615
relative,relative_hgb12,50,24,23,22,182,57,1150,0.19163240746483948,0.12765774996330514,0.08844885418198585,0.049565217391304345,0.37402109309223935,0.27016249496041184,0.049565217391304345,0.3131868131868132
relative,strong_cs,50,24,23,22,182,70,1150,0.2627643242849945,0.16562688715543245,0.13336059920314455,0.06086956521739131,0.43562076373341196,0.3332862231531089,0.06086956521739131,0.38461538461538464
relative,cs_momentum_clipped,50,24,23,22,182,70,1150,0.2458906087752476,0.16913656650182665,0.11801535562110957,0.06086956521739131,0.4287049358195603,0.341181764842949,0.06086956521739131,0.38461538461538464
relative,cs_momentum,50,24,23,22,182,70,1150,0.2370711068223838,0.16133261571651858,0.11209767872274856,0.06086956521739131,0.4287049358195603,0.341181764842949,0.06086956521739131,0.38461538461538464
relative,pv_t,50,24,23,22,182,77,1150,0.2510823718862518,0.18476783465976102,0.11551816951100988,0.06695652173913043,0.48428899822180455,0.4019860434079956,0.06695652173913043,0.4230769230769231
relative,pv_u,50,24,23,22,182,82,1150,0.2605452277441179,0.19145569064860618,0.11718235202214246,0.07130434782608695,0.5060885151300171,0.42415249415260387,0.07130434782608695,0.45054945054945056
